priority,window,work,owner_role,status,dependency,acceptance_evidence
P0,Release,Review and release API then web with staged attribution flag,Engineering,production_verified_attribution_enabled,Preserve current configuration; automatic history ON/manual OFF,September21 coordinator deployment/receiver receipts; follow-up-2026-09-27.md
P0,Release,Register generate_lead and CTA/form custom dimensions,Analytics administrator,verified_configured,No duplicate registration or OAuth change,ONCE_PER_EVENT and no default value; all three EVENT dimensions verified; follow-up-2026-09-27.md
P0,Release,Verify one marked production enquiry and inbox placement,Engineering and sales,acknowledged_inbox_deferred_by_user,Match existing QA receipt to receiver/inbox evidence when available; no resend,One authorized September26 QA acknowledged with matching receipt and analytics declined; follow-up-2026-09-27.md
P0,Week 1,Reconcile confirmed enquiries bookings qualification and opportunities,Sales and growth operations,tool_prepared_source_records_required,Verified private inbox/calendar/sales records and sales decisions,Existing scorecard contract; TidyCal confirmed by user; no CTA or QA counted as a business outcome
P0,Week 1,Verify candidate sitemap and stale indexing recovery targets,SEO and engineering,live_sitemap_verified_indexing_monitored,Google recrawl/indexing decisions; current URL-level evidence needed for stale targets,September27: all106 live sitemap URLs pass; existing GSC report shows September26 sitemap download with zero errors/warnings; indexing not guaranteed
P1,Weeks 1-2,Release nine contextual article journeys and related-guide curation,Content and engineering,production_verified,None for this release; retain future evidence reviews,completion-2026-09-18.md; verification-assets/production-2026-09-18.json
P1,Weeks 1-2,Release QuickVoice vs Vapi comparison,Content and product,production_verified,None for this release; retain future evidence reviews,completion-2026-09-18.md; verification-assets/production-2026-09-18.json
P1,Weeks 1-2,Release ownership pricing scheduling and property-management clarity,Product marketing and engineering,production_verified,None for this release; retain future evidence reviews,completion-2026-09-18.md; verification-assets/production-2026-09-18.json
P1,Weekly,Capture complete US GSC and GA cohorts and inspect business outcomes,Growth operations,existing_reports_reviewed_sales_evidence_pending,Existing recurring schedule; verified sales records for business outcomes,Existing September21 and September27 private reports reviewed; no fresh workflow or human sales review claimed
P1,Weeks 2-4,Deepen scheduling guide using observed query intent and real workflow evidence,Content and product,evaluated_deferred_single_ivr_priority,One bounded improvement per cycle; actual workflow and business evidence before expansion,Search entry is free-ai-appointment-scheduling-tools; live sitemap/canonical/contact/TidyCal links checked; retain current copy
P1,Weeks 2-4,Evaluate IVR and multilingual commercial journeys,SEO and product,ivr_reviewed_tested_merge_authorized,User explicitly authorized PR and merge September27; required checks and subsequent live verification; inbox verification remains separate,September27 exact-content IVR review; 76 web tests; 199-file scoped claims audit; multilingual change deferred
P1,Weeks 3-6,Record one bounded synthetic-data workflow demonstration,Product and content,script_prepared_test_environment_required,Designated test organization and verified voice/provider path; actual recording and review,Existing walkthrough script; no recording or successful voice transaction fabricated
P1,Weeks 3-8,Request a permissioned customer story with measured scope,Customer success,blocked_customer_evidence,Real customer evidence owner and publication/sending permission,Existing three story templates; illustrative scenarios are not customer proof
P2,Release,Review Synthflow comparison at publication time,Content and product,production_verified,None for this release; retain future evidence reviews,completion-2026-09-18.md; verification-assets/production-2026-09-18.json
P2,Weeks 4-12,Distribute proven relevant guides to suitable communities and channels,Growth and partnerships,prepared_sending_and_access_dependencies,Specific sending authorization; account access; current channel rules; preserve existing submissions,Existing drafts/listing packages; no new send or duplicate directory submission
P1,Days 30 60 and 90,Review cohort quality and decide which clusters to expand,Growth lead and sales,recurring_future_windows_required,Complete observation windows and verified business records,Retain IVR priority from existing reports; no small-sample performance or future completion claim
P0,Week 1 (from 2026-10-02),Request indexing for sitemap URLs Google still holds as noindex or discovered or crawled-not-indexed,SEO and engineering,scheduled_ui_action,Search Console UI access; release of sitemap lastmod and review fixes from worktree seo-phase-0,All sitemap URLs inspected (108 at release); at least 90 report Submitted and indexed within 30 days; audit-2026-10-02.md
P0,Week 1 (from 2026-10-02),Decide the GA4 consent model and restore aggregate measurement,Owner and analytics engineering,decision_required,Owner decision between Consent Mode v2 all-denied defaults and the current hard gate; change confined to analytics-consent.mjs and google-analytics.tsx,GA4 daily sessions return to at least 20 per day; organic sessions at least 70 percent of GSC clicks; audit-2026-10-02.md
P0,Week 1 (from 2026-10-02),Register cta_click github_repo_click docs_open as key events and add release annotations,Analytics administrator,scheduled_ui_action,GA4 Editor access on property 543950329,Key events reported by channel; annotations for 2026-09-06 and 2026-09-21 visible
P0,Release,Keep scheduled articles reviewed before their date,Content editor,guard_added,scripts/check-seo-campaign.mjs now fails CI when a published post has no valid review and warns 7 days ahead,Three past-due or imminent posts reviewed 2026-10-02; next due questions-before-buying-ai-voice-agent-platform 2026-10-12
P1,Weeks 2-4,Rebuild /solutions/ai-receptionist and /solutions/ai-answering-service as cluster hubs,Content and engineering,scheduled,demand-map-2026-10-02.csv; claims gate; evidence review,GSC shows the ai receptionist and ai answering service query families on the hubs within 4 weeks
P1,Weeks 2-4,Retarget appointment pages to phone-first AI appointment setter intent,Content product and engineering,decision_required,Owner decision on moving /use-cases/appointment-scheduling to /solutions/ai-appointment-setter with a permanent redirect,Scheduling post CTR above 1 percent; setter page impressions for ai appointment setter
P1,Weeks 2-4,Retitle industry and use-case pages with job-to-be-done terms via seoTitle,Content and engineering,scheduled,None,Unique keyword-first titles on 12 industry and 6 use-case pages; position improvement in GSC
P1,Weeks 4-10,Publish the receptionist cluster (cost software small-business free comparisons industry solution pages),Content,scheduled,One evidence-reviewed page per week,Each page indexed within 7 days of publish; first impressions within 14 days
P2,Weeks 2-12,Submit the sitemap to Bing Webmaster Tools and work distribution-opportunities.csv,Growth,scheduled_not_sent,Account access and sending authorization,Bing indexed count; referring domains at least 65 at 30 days per DataForSEO backlinks summary
