asset_type,route,source_file,slug,source_title_not_verified_claim,source_date,source_status,source_draft,source_published,program_group,review_status,indexing_policy,owner_role,verification_reference,inventory_date
blog,/blog/ai-after-hours-call-handling,apps/web/content/blog/ai-after-hours-call-handling.md,ai-after-hours-call-handling,"AI After-Hours Call Handling: Plan Intake, Callbacks, and Escalation",2026-03-19,,false,true,backlog,source_reviewed_production_verified,production_index_follow_canonical_dates_verified,Content owner,review-batch-01.md; apps/web/content/blog/ai-after-hours-call-handling.md evidenceReview; verification-assets/production-final-2026-09-06.json,2026-09-06
blog,/blog/ai-billing-payment-calls,apps/web/content/blog/ai-billing-payment-calls.md,ai-billing-payment-calls,"AI Billing Calls: Account Questions, Payment Handoffs, and Disputes",2026-03-19,,false,true,backlog,source_reviewed_production_verified,production_index_follow_canonical_dates_verified,Content owner,review-batch-02.md; apps/web/content/blog/ai-billing-payment-calls.md evidenceReview; verification-assets/production-final-2026-09-06.json,2026-09-06
blog,/blog/ai-collection-calls-complete-guide,apps/web/content/blog/ai-collection-calls-complete-guide.md,ai-collection-calls-complete-guide,"AI Collection Calls: Define Scope, Contact Eligibility, and Human Oversight",2026-03-19,,false,true,backlog,source_reviewed_production_verified,production_index_follow_canonical_dates_verified,Content owner,review-batch-02.md; apps/web/content/blog/ai-collection-calls-complete-guide.md evidenceReview; verification-assets/production-final-2026-09-06.json,2026-09-06
blog,/blog/ai-customer-surveys-nps-calls,apps/web/content/blog/ai-customer-surveys-nps-calls.md,ai-customer-surveys-nps-calls,AI Customer Survey Calls: Ask Neutral Questions and Use Responses Responsibly,2026-03-19,,false,true,backlog,source_reviewed_production_verified,production_index_follow_canonical_dates_verified,Content owner,review-batch-02.md; apps/web/content/blog/ai-customer-surveys-nps-calls.md evidenceReview; verification-assets/production-final-2026-09-06.json,2026-09-06
blog,/blog/ai-insurance-claims-processing-calls,apps/web/content/blog/ai-insurance-claims-processing-calls.md,ai-insurance-claims-processing-calls,AI Insurance Claims Calls: Plan Loss Intake and Reliable Status Updates,2026-03-19,,false,true,backlog,source_reviewed_production_verified,production_index_follow_canonical_dates_verified,Content owner,review-batch-02.md; apps/web/content/blog/ai-insurance-claims-processing-calls.md evidenceReview; verification-assets/production-final-2026-09-06.json,2026-09-06
blog,/blog/ai-medical-scheduling-voice-agents,apps/web/content/blog/ai-medical-scheduling-voice-agents.md,ai-medical-scheduling-voice-agents,"AI Medical Scheduling: Administrative Requests, Verified Appointments, and Staff Review",2026-03-19,,false,true,backlog,source_reviewed_production_verified,production_index_follow_canonical_dates_verified,Content owner,review-batch-02.md; apps/web/content/blog/ai-medical-scheduling-voice-agents.md evidenceReview; verification-assets/production-final-2026-09-06.json,2026-09-06
blog,/blog/ai-meeting-scheduler-voice-automation,apps/web/content/blog/ai-meeting-scheduler-voice-automation.md,ai-meeting-scheduler-voice-automation,"AI Meeting Schedulers: Coordinate Hosts, Attendees, and Confirmations",2026-03-19,,false,true,backlog,source_reviewed_production_verified,production_index_follow_canonical_dates_verified,Content owner,review-batch-01.md; apps/web/content/blog/ai-meeting-scheduler-voice-automation.md evidenceReview; verification-assets/production-final-2026-09-06.json,2026-09-06
blog,/blog/ai-patient-intake-pre-visit-calls,apps/web/content/blog/ai-patient-intake-pre-visit-calls.md,ai-patient-intake-pre-visit-calls,AI Patient Intake Calls: Prepare Administrative Information for Staff Review,2026-03-19,,false,true,backlog,source_reviewed_production_verified,production_index_follow_canonical_dates_verified,Content owner,review-batch-02.md; apps/web/content/blog/ai-patient-intake-pre-visit-calls.md evidenceReview; verification-assets/production-final-2026-09-06.json,2026-09-06
blog,/blog/ai-phone-answering-service-small-business,apps/web/content/blog/ai-phone-answering-service-small-business.md,ai-phone-answering-service-small-business,AI Phone Answering Service for Small Business: A Practical Guide,2026-03-19,,false,true,selected_initial_12,source_reviewed_production_verified,production_index_follow_canonical_dates_verified,Content owner,verification-2026-09-06.md; apps/web/content/blog/ai-phone-answering-service-small-business.md evidenceReview; verification-assets/production-final-2026-09-06.json,2026-09-06
blog,/blog/ai-virtual-assistant-for-business,apps/web/content/blog/ai-virtual-assistant-for-business.md,ai-virtual-assistant-for-business,"AI Virtual Assistants for Business: Choose the Job, Channel, and Owner",2026-03-19,,false,true,backlog,source_reviewed_production_verified,production_index_follow_canonical_dates_verified,Content owner,review-batch-03.md; apps/web/content/blog/ai-virtual-assistant-for-business.md evidenceReview; verification-assets/production-final-2026-09-06.json,2026-09-06
blog,/blog/ai-voice-agent-security-data-privacy,apps/web/content/blog/ai-voice-agent-security-data-privacy.md,ai-voice-agent-security-data-privacy,AI Voice Agent Security and Data Privacy: A Buyer's Checklist,2026-03-19,,false,true,selected_initial_12,source_reviewed_production_verified,production_index_follow_canonical_dates_verified,Content owner,verification-2026-09-06.md; apps/web/content/blog/ai-voice-agent-security-data-privacy.md evidenceReview; verification-assets/production-final-2026-09-06.json,2026-09-06
blog,/blog/ai-voice-agent-vs-call-center-bpo,apps/web/content/blog/ai-voice-agent-vs-call-center-bpo.md,ai-voice-agent-vs-call-center-bpo,AI Voice Agents vs Call Center BPO: Compare Service Responsibility and Cost,2026-03-19,,false,true,backlog,source_reviewed_production_verified,production_index_follow_canonical_dates_verified,Content owner,review-batch-03.md; apps/web/content/blog/ai-voice-agent-vs-call-center-bpo.md evidenceReview; verification-assets/production-final-2026-09-06.json,2026-09-06
blog,/blog/ai-voice-agents-accounting-tax-firms,apps/web/content/blog/ai-voice-agents-accounting-tax-firms.md,ai-voice-agents-accounting-tax-firms,AI Voice Agents for Accounting Firms: Client Intake and Document Follow-Up,2026-03-19,,false,true,backlog,source_reviewed_production_verified,production_index_follow_canonical_dates_verified,Content owner,review-batch-03.md; apps/web/content/blog/ai-voice-agents-accounting-tax-firms.md evidenceReview; verification-assets/production-final-2026-09-06.json,2026-09-06
blog,/blog/ai-voice-agents-beauty-salons-spas,apps/web/content/blog/ai-voice-agents-beauty-salons-spas.md,ai-voice-agents-beauty-salons-spas,AI Voice Agents for Salons and Spas: Service Choices and Booking Requests,2026-03-19,,false,true,backlog,source_reviewed_production_verified,production_index_follow_canonical_dates_verified,Content owner,review-batch-03.md; apps/web/content/blog/ai-voice-agents-beauty-salons-spas.md evidenceReview; verification-assets/production-final-2026-09-06.json,2026-09-06
blog,/blog/ai-voice-agents-dental-practices,apps/web/content/blog/ai-voice-agents-dental-practices.md,ai-voice-agents-dental-practices,AI Voice Agents for Dental Practices: Scheduling Requests and Recall Coordination,2026-03-19,,false,true,backlog,source_reviewed_production_verified,production_index_follow_canonical_dates_verified,Content owner,review-batch-03.md; apps/web/content/blog/ai-voice-agents-dental-practices.md evidenceReview; verification-assets/production-final-2026-09-06.json,2026-09-06
blog,/blog/ai-voice-agents-home-services,apps/web/content/blog/ai-voice-agents-home-services.md,ai-voice-agents-home-services,"AI Voice Agents for Home Services: Job Intake, Service Areas, and Dispatch Handoffs",2026-03-19,,false,true,backlog,source_reviewed_production_verified,production_index_follow_canonical_dates_verified,Content owner,review-batch-03.md; apps/web/content/blog/ai-voice-agents-home-services.md evidenceReview; verification-assets/production-final-2026-09-06.json,2026-09-06
blog,/blog/ai-voice-agents-insurance-companies,apps/web/content/blog/ai-voice-agents-insurance-companies.md,ai-voice-agents-insurance-companies,"AI Voice Agents for Insurance: Policy Service, Quote Intake, and Clear Handoffs",2026-03-19,,false,true,backlog,source_reviewed_production_verified,production_index_follow_canonical_dates_verified,Content owner,review-batch-04.md; apps/web/content/blog/ai-voice-agents-insurance-companies.md evidenceReview; verification-assets/production-final-2026-09-06.json,2026-09-06
blog,/blog/ai-voice-agents-law-firms,apps/web/content/blog/ai-voice-agents-law-firms.md,ai-voice-agents-law-firms,AI Voice Agents for Law Firms: Administrative Intake and Attorney Handoffs,2026-03-19,,false,true,backlog,source_reviewed_production_verified,production_index_follow_canonical_dates_verified,Content owner,review-batch-04.md; apps/web/content/blog/ai-voice-agents-law-firms.md evidenceReview; verification-assets/production-final-2026-09-06.json,2026-09-06
blog,/blog/ai-voice-agents-property-management,apps/web/content/blog/ai-voice-agents-property-management.md,ai-voice-agents-property-management,AI Voice Agents for Property Management: Tenant Calls and Leasing Intake,2026-03-19,,false,true,selected_initial_12,source_reviewed_production_verified,production_index_follow_canonical_dates_verified,Content owner,verification-2026-09-06.md; apps/web/content/blog/ai-voice-agents-property-management.md evidenceReview; verification-assets/production-final-2026-09-06.json,2026-09-06
blog,/blog/ai-voice-agents-restaurants,apps/web/content/blog/ai-voice-agents-restaurants.md,ai-voice-agents-restaurants,"AI Voice Agents for Restaurants: Reservations, Order Requests, and Staff Handoffs",2026-03-19,,false,true,backlog,source_reviewed_production_verified,production_index_follow_canonical_dates_verified,Content owner,review-batch-04.md; apps/web/content/blog/ai-voice-agents-restaurants.md evidenceReview; verification-assets/production-final-2026-09-06.json,2026-09-06
blog,/blog/ai-voice-agents-staffing-agencies,apps/web/content/blog/ai-voice-agents-staffing-agencies.md,ai-voice-agents-staffing-agencies,"AI Voice Agents for Staffing Agencies: Availability, Job Orders, and Assignment Handoffs",2026-03-19,,false,true,backlog,source_reviewed_production_verified,production_index_follow_canonical_dates_verified,Content owner,review-batch-04.md; apps/web/content/blog/ai-voice-agents-staffing-agencies.md evidenceReview; verification-assets/production-final-2026-09-06.json,2026-09-06
blog,/blog/ai-voice-agents-veterinary-clinics,apps/web/content/blog/ai-voice-agents-veterinary-clinics.md,ai-voice-agents-veterinary-clinics,AI Voice Agents for Veterinary Clinics: Administrative Calls and Clinical Handoffs,2026-03-19,,false,true,backlog,source_reviewed_production_verified,production_index_follow_canonical_dates_verified,Content owner,review-batch-04.md; apps/web/content/blog/ai-voice-agents-veterinary-clinics.md evidenceReview; verification-assets/production-final-2026-09-06.json,2026-09-06
blog,/blog/ai-voice-assistant-vs-ai-voice-agent,apps/web/content/blog/ai-voice-assistant-vs-ai-voice-agent.md,ai-voice-assistant-vs-ai-voice-agent,AI Voice Assistant vs AI Voice Agent: Compare Permissions and Outcomes,2026-03-19,,false,true,backlog,source_reviewed_production_verified,production_index_follow_canonical_dates_verified,Content owner,review-batch-04.md; apps/web/content/blog/ai-voice-assistant-vs-ai-voice-agent.md evidenceReview; verification-assets/production-final-2026-09-06.json,2026-09-06
blog,/blog/air-ai-alternatives,apps/web/content/blog/air-ai-alternatives.md,air-ai-alternatives,Air AI Alternatives: Verify the Provider and Plan a Voice-Agent Migration,2026-02-21,,false,true,backlog,source_reviewed_production_verified,production_index_follow_canonical_dates_verified,Content owner,review-batch-05.md; apps/web/content/blog/air-ai-alternatives.md evidenceReview; verification-assets/production-final-2026-09-06.json,2026-09-06
blog,/blog/best-ai-voice-agent-platforms-2026,apps/web/content/blog/best-ai-voice-agent-platforms-2026.md,best-ai-voice-agent-platforms-2026,Best AI Voice Agent Platforms in 2026: A Business Buyer's Guide,2026-02-26,,false,true,selected_initial_12,source_reviewed_production_verified,production_index_follow_canonical_dates_verified,Content owner,verification-2026-09-06.md; apps/web/content/blog/best-ai-voice-agent-platforms-2026.md evidenceReview; verification-assets/production-final-2026-09-06.json,2026-09-06
blog,/blog/best-online-booking-systems-ai-voice,apps/web/content/blog/best-online-booking-systems-ai-voice.md,best-online-booking-systems-ai-voice,Choosing an Online Booking System for an AI Phone Workflow,2026-03-19,,false,true,backlog,source_reviewed_production_verified,production_index_follow_canonical_dates_verified,Content owner,review-batch-05.md; apps/web/content/blog/best-online-booking-systems-ai-voice.md evidenceReview; verification-assets/production-final-2026-09-06.json,2026-09-06
blog,/blog/bland-ai-alternatives,apps/web/content/blog/bland-ai-alternatives.md,bland-ai-alternatives,"Bland AI Alternatives: Compare Workflow Control, Handoffs, and Operating Cost",2026-02-25,,false,true,backlog,source_reviewed_production_verified,production_index_follow_canonical_dates_verified,Content owner,review-batch-05.md; apps/web/content/blog/bland-ai-alternatives.md evidenceReview; verification-assets/production-final-2026-09-06.json,2026-09-06
blog,/blog/enterprise-ai-voice-platform-guide,apps/web/content/blog/enterprise-ai-voice-platform-guide.md,enterprise-ai-voice-platform-guide,"Enterprise AI Voice Platform Evaluation: Requirements, Evidence, and Operating Ownership",2026-03-19,,false,true,backlog,source_reviewed_production_verified,production_index_follow_canonical_dates_verified,Content owner,review-batch-05.md; apps/web/content/blog/enterprise-ai-voice-platform-guide.md evidenceReview; verification-assets/production-final-2026-09-06.json,2026-09-06
blog,/blog/free-ai-appointment-scheduling-tools,apps/web/content/blog/free-ai-appointment-scheduling-tools.md,free-ai-appointment-scheduling-tools,Free AI Appointment Scheduling Tools: What Is Actually Free?,2026-03-19,,false,true,selected_initial_12,source_reviewed_production_verified,production_index_follow_canonical_dates_verified,Content owner,verification-2026-09-06.md; apps/web/content/blog/free-ai-appointment-scheduling-tools.md evidenceReview; verification-assets/production-final-2026-09-06.json,2026-09-06
blog,/blog/how-to-automate-phone-calls-ai,apps/web/content/blog/how-to-automate-phone-calls-ai.md,how-to-automate-phone-calls-ai,How to Automate Phone Calls with AI: From Workflow Brief to Tested Pilot,2026-02-27,,false,true,backlog,source_reviewed_production_verified,production_index_follow_canonical_dates_verified,Content owner,review-batch-05.md; apps/web/content/blog/how-to-automate-phone-calls-ai.md evidenceReview; verification-assets/production-final-2026-09-06.json,2026-09-06
blog,/blog/how-to-migrate-ivr-to-ai-voice-agents,apps/web/content/blog/how-to-migrate-ivr-to-ai-voice-agents.md,how-to-migrate-ivr-to-ai-voice-agents,"How to Migrate IVR to AI Voice Agents: Routing, Pilot Gates, and Rollback",2026-03-19,,false,true,backlog,source_reviewed_production_verified,production_index_follow_canonical_dates_verified,Content owner,review-batch-05.md; apps/web/content/blog/how-to-migrate-ivr-to-ai-voice-agents.md evidenceReview; verification-assets/production-final-2026-09-06.json,2026-09-06
blog,/blog/inbound-vs-outbound-ai-voice-agents,apps/web/content/blog/inbound-vs-outbound-ai-voice-agents.md,inbound-vs-outbound-ai-voice-agents,Inbound vs Outbound AI Voice Agents: Choose the First Workflow,2026-03-19,,false,true,backlog,source_reviewed_production_verified,production_index_follow_canonical_dates_verified,Content owner,review-batch-06.md; apps/web/content/blog/inbound-vs-outbound-ai-voice-agents.md evidenceReview; verification-assets/production-final-2026-09-06.json,2026-09-06
blog,/blog/multi-language-ai-voice-agents,apps/web/content/blog/multi-language-ai-voice-agents.md,multi-language-ai-voice-agents,Multilingual AI Voice Agents: Validate Languages Across the Whole Call,2026-03-19,,false,true,backlog,source_reviewed_production_verified,production_index_follow_canonical_dates_verified,Content owner,review-batch-06.md; apps/web/content/blog/multi-language-ai-voice-agents.md evidenceReview; verification-assets/production-final-2026-09-06.json,2026-09-06
blog,/blog/online-appointment-scheduling-ai-voice,apps/web/content/blog/online-appointment-scheduling-ai-voice.md,online-appointment-scheduling-ai-voice,Online Appointment Scheduling: Booking Links and AI Phone Workflows,2026-03-19,,false,true,backlog,source_reviewed_production_verified,production_index_follow_canonical_dates_verified,Content owner,review-batch-01.md; apps/web/content/blog/online-appointment-scheduling-ai-voice.md evidenceReview; verification-assets/production-final-2026-09-06.json,2026-09-06
blog,/blog/quickvoice-vs-voiceflow,apps/web/content/blog/quickvoice-vs-voiceflow.md,quickvoice-vs-voiceflow,"QuickVoice vs Voiceflow: Source Ownership, Visual Workflows, and Deployment",2026-02-28,,false,true,backlog,source_reviewed_production_verified,production_index_follow_canonical_dates_verified,Content owner,review-batch-06.md; apps/web/content/blog/quickvoice-vs-voiceflow.md evidenceReview; verification-assets/production-final-2026-09-06.json,2026-09-06
blog,/blog/retell-ai-alternatives,apps/web/content/blog/retell-ai-alternatives.md,retell-ai-alternatives,"Retell AI Alternatives: How to Compare Vapi, QuickVoice, and LiveKit",2026-02-22,,false,true,selected_initial_12,source_reviewed_production_verified,production_index_follow_canonical_dates_verified,Content owner,verification-2026-09-06.md; apps/web/content/blog/retell-ai-alternatives.md evidenceReview; verification-assets/production-final-2026-09-06.json,2026-09-06
blog,/blog/synthflow-alternatives,apps/web/content/blog/synthflow-alternatives.md,synthflow-alternatives,"Synthflow Alternatives: Compare Workflow Editing, Integrations, and Migration Scope",2026-02-23,,false,true,backlog,source_reviewed_production_verified,production_index_follow_canonical_dates_verified,Content owner,review-batch-06.md; apps/web/content/blog/synthflow-alternatives.md evidenceReview; verification-assets/production-final-2026-09-06.json,2026-09-06
blog,/blog/vapi-alternatives,apps/web/content/blog/vapi-alternatives.md,vapi-alternatives,Vapi Alternatives: Compare Hosted Platforms and Open-Source Voice Agents,2026-02-24,,false,true,selected_initial_12,source_reviewed_production_verified,production_index_follow_canonical_dates_verified,Content owner,verification-2026-09-06.md; apps/web/content/blog/vapi-alternatives.md evidenceReview; verification-assets/production-final-2026-09-06.json,2026-09-06
blog,/blog/what-is-an-ai-voice-agent,apps/web/content/blog/week-01-what-is-ai-voice-agent.md,what-is-an-ai-voice-agent,What Is an AI Voice Agent? A Business Guide to How It Works,2026-03-02,,false,true,backlog,source_reviewed_production_verified,production_index_follow_canonical_dates_verified,Content owner,review-batch-01.md; apps/web/content/blog/week-01-what-is-ai-voice-agent.md evidenceReview; verification-assets/production-final-2026-09-06.json,2026-09-06
blog,/blog/ai-voice-agent-vs-ivr,apps/web/content/blog/week-02-ai-voice-agent-vs-ivr.md,ai-voice-agent-vs-ivr,AI Voice Agent vs IVR: Choose the Right Call-Handling Design,2026-03-09,,false,true,backlog,source_reviewed_production_verified,production_index_follow_canonical_dates_verified,Content owner,review-batch-06.md; apps/web/content/blog/week-02-ai-voice-agent-vs-ivr.md evidenceReview; verification-assets/production-final-2026-09-06.json,2026-09-06
blog,/blog/deploy-ai-voice-agent-no-code,apps/web/content/blog/week-03-deploy-ai-voice-agent-no-code.md,deploy-ai-voice-agent-no-code,Deploy an AI Voice Agent Without Coding Every Step: What the Console Covers,2026-03-16,,false,true,backlog,source_reviewed_production_verified,production_index_follow_canonical_dates_verified,Content owner,review-batch-06.md; apps/web/content/blog/week-03-deploy-ai-voice-agent-no-code.md evidenceReview; verification-assets/production-final-2026-09-06.json,2026-09-06
blog,/blog/ai-appointment-scheduling-guide,apps/web/content/blog/week-04-ai-appointment-scheduling-guide.md,ai-appointment-scheduling-guide,AI Appointment Scheduling: A Practical Guide for Business Teams,2026-03-23,,false,true,selected_initial_12,source_reviewed_production_verified,production_index_follow_canonical_dates_verified,Content owner,verification-2026-09-06.md; apps/web/content/blog/week-04-ai-appointment-scheduling-guide.md evidenceReview; verification-assets/production-final-2026-09-06.json,2026-09-06
blog,/blog/ai-voice-agents-reduce-customer-support-costs,apps/web/content/blog/week-05-ai-reduce-customer-support-costs.md,ai-voice-agents-reduce-customer-support-costs,Can AI Voice Agents Reduce Customer Support Costs? A Practical Worksheet,2026-03-30,,false,true,selected_initial_12,source_reviewed_production_verified,production_index_follow_canonical_dates_verified,Content owner,verification-2026-09-06.md; apps/web/content/blog/week-05-ai-reduce-customer-support-costs.md evidenceReview; verification-assets/production-final-2026-09-06.json,2026-09-06
blog,/blog/hipaa-compliant-ai-voice-agents,apps/web/content/blog/week-06-hipaa-compliant-ai-voice-agents.md,hipaa-compliant-ai-voice-agents,HIPAA and AI Voice Agents: A Healthcare Deployment Review,2026-04-06,,false,true,backlog,source_reviewed_production_verified,production_index_follow_canonical_dates_verified,Content owner,review-batch-07.md; apps/web/content/blog/week-06-hipaa-compliant-ai-voice-agents.md evidenceReview; verification-assets/production-final-2026-09-06.json,2026-09-06
blog,/blog/ai-voice-agents-real-estate,apps/web/content/blog/week-07-ai-voice-agents-real-estate.md,ai-voice-agents-real-estate,AI Voice Agents for Real Estate: Property Enquiries and Viewing Requests,2026-04-13,,false,true,backlog,source_reviewed_production_verified,production_index_follow_canonical_dates_verified,Content owner,review-batch-07.md; apps/web/content/blog/week-07-ai-voice-agents-real-estate.md evidenceReview; verification-assets/production-final-2026-09-06.json,2026-09-06
blog,/blog/ai-outbound-calling-replacing-sdr-cold-calls,apps/web/content/blog/week-08-ai-outbound-calling-replacing-sdr-cold-calls.md,ai-outbound-calling-replacing-sdr-cold-calls,AI Outbound Calling and SDRs: Plan an Eligible Follow-Up Pilot,2026-04-20,,false,true,backlog,source_reviewed_production_verified,production_index_follow_canonical_dates_verified,Content owner,review-batch-07.md; apps/web/content/blog/week-08-ai-outbound-calling-replacing-sdr-cold-calls.md evidenceReview; verification-assets/production-final-2026-09-06.json,2026-09-06
blog,/blog/ai-vs-human-agents-cost-comparison,apps/web/content/blog/week-09-ai-vs-human-agents-cost-comparison.md,ai-vs-human-agents-cost-comparison,AI vs Human Agents: Compare the Full Cost of a Calling Workflow,2026-04-27,,false,true,backlog,source_reviewed_production_verified,production_index_follow_canonical_dates_verified,Content owner,review-batch-01.md; apps/web/content/blog/week-09-ai-vs-human-agents-cost-comparison.md evidenceReview; verification-assets/production-final-2026-09-06.json,2026-09-06
blog,/blog/automated-appointment-reminders-guide,apps/web/content/blog/week-10-automated-appointment-reminders-guide.md,automated-appointment-reminders-guide,"Automated Appointment Reminders: Calls, Confirmations, and Follow-Up",2026-05-04,,false,true,selected_initial_12,source_reviewed_production_verified,production_index_follow_canonical_dates_verified,Content owner,verification-2026-09-06.md; apps/web/content/blog/week-10-automated-appointment-reminders-guide.md evidenceReview; verification-assets/production-final-2026-09-06.json,2026-09-06
blog,/blog/ai-phone-agents-automotive-dealerships,apps/web/content/blog/week-11-ai-phone-agents-automotive-dealerships.md,ai-phone-agents-automotive-dealerships,AI Phone Agents for Dealerships: Service and Test-Drive Requests,2026-05-11,,false,true,backlog,source_reviewed_production_verified,production_index_follow_canonical_dates_verified,Content owner,review-batch-07.md; apps/web/content/blog/week-11-ai-phone-agents-automotive-dealerships.md evidenceReview; verification-assets/production-final-2026-09-06.json,2026-09-06
blog,/blog/what-is-conversational-ai,apps/web/content/blog/week-12-what-is-conversational-ai.md,what-is-conversational-ai,"What Is Conversational AI? Chatbots, Voice, and Business Workflows",2026-05-18,,false,true,backlog,source_reviewed_production_verified,production_index_follow_canonical_dates_verified,Content owner,review-batch-07.md; apps/web/content/blog/week-12-what-is-conversational-ai.md evidenceReview; verification-assets/production-final-2026-09-06.json,2026-09-06
blog,/blog/ai-voice-agents-ecommerce,apps/web/content/blog/week-13-ai-voice-agents-ecommerce.md,ai-voice-agents-ecommerce,AI Voice Agents for E-Commerce: Order Enquiries and Return Requests,2026-05-25,,false,true,backlog,source_reviewed_production_verified,production_index_follow_canonical_dates_verified,Content owner,review-batch-07.md; apps/web/content/blog/week-13-ai-voice-agents-ecommerce.md evidenceReview; verification-assets/production-final-2026-09-06.json,2026-09-06
blog,/blog/ai-voice-agents-b2b-lead-qualification,apps/web/content/blog/week-14-ai-lead-qualification-b2b-sales.md,ai-voice-agents-b2b-lead-qualification,AI Voice Agents for B2B Lead Qualification: A Practical Workflow,2026-06-01,,false,true,selected_initial_12,source_reviewed_production_verified,production_index_follow_canonical_dates_verified,Content owner,verification-2026-09-06.md; apps/web/content/blog/week-14-ai-lead-qualification-b2b-sales.md evidenceReview; verification-assets/production-final-2026-09-06.json,2026-09-06
blog,/blog/build-ai-voice-agent-small-business,apps/web/content/blog/week-15-build-ai-voice-agent-small-business.md,build-ai-voice-agent-small-business,How to Build an AI Voice Agent for Your Small Business,2026-06-08,,false,true,selected_initial_12,source_reviewed_production_verified,production_index_follow_canonical_dates_verified,Content owner,verification-2026-09-06.md; apps/web/content/blog/week-15-build-ai-voice-agent-small-business.md evidenceReview; verification-assets/production-final-2026-09-06.json,2026-09-06
blog,/blog/ai-voice-agents-financial-services,apps/web/content/blog/week-16-ai-voice-agents-financial-services.md,ai-voice-agents-financial-services,AI Voice Agents for Financial Services: Define the Pilot Boundaries,2026-06-15,,false,true,reviewed_backlog,source_reviewed_production_verified,production_index_follow_canonical_dates_verified,Content owner,docs/marketing/seo/review-batch-08.md; verification-assets/production-final-2026-09-06.json,2026-09-06
blog,/blog/ai-debt-collection-calls,apps/web/content/blog/week-17-ai-debt-collection-calls.md,ai-debt-collection-calls,"Debt Collection AI: Disputes, Stop Requests, and Review States",2026-06-22,,false,true,reviewed_backlog,source_reviewed_production_verified,production_index_follow_canonical_dates_verified,Content owner,docs/marketing/seo/review-batch-08.md; verification-assets/production-final-2026-09-06.json,2026-09-06
blog,/blog/roi-replacing-receptionist-ai-voice-agent,apps/web/content/blog/week-18-roi-replacing-receptionist-ai.md,roi-replacing-receptionist-ai-voice-agent,AI Receptionist ROI: Build a Cost and Coverage Worksheet,2026-06-29,,false,true,reviewed_backlog,source_reviewed_production_verified,production_index_follow_canonical_dates_verified,Content owner,docs/marketing/seo/review-batch-08.md; verification-assets/production-final-2026-09-06.json,2026-09-06
blog,/blog/ai-voice-agents-hr-recruiting,apps/web/content/blog/week-19-ai-hr-recruiting-phone-screening.md,ai-voice-agents-hr-recruiting,AI Voice Agents for Recruiting: Candidate Intake Without Automated Ranking,2026-07-06,,false,true,reviewed_backlog,source_reviewed_production_verified,production_index_follow_canonical_dates_verified,Content owner,docs/marketing/seo/review-batch-08.md; verification-assets/production-final-2026-09-06.json,2026-09-06
blog,/blog/elevenlabs-vs-deepgram-voice-ai,apps/web/content/blog/week-20-elevenlabs-vs-deepgram.md,elevenlabs-vs-deepgram-voice-ai,ElevenLabs vs Deepgram: How to Evaluate Speech for Business Calls,2026-07-13,,false,true,backlog,source_reviewed_production_verified,production_index_follow_canonical_dates_verified,Content owner,review-batch-01.md; apps/web/content/blog/week-20-elevenlabs-vs-deepgram.md evidenceReview; verification-assets/production-final-2026-09-06.json,2026-09-06
blog,/blog/connect-ai-voice-agent-hubspot,apps/web/content/blog/week-21-connect-ai-voice-hubspot.md,connect-ai-voice-agent-hubspot,Connect Voice Call Outcomes to HubSpot: A Custom Integration Design,2026-07-20,,false,true,reviewed_backlog,source_reviewed_production_verified,production_index_follow_canonical_dates_verified,Content owner,docs/marketing/seo/review-batch-08.md; verification-assets/production-final-2026-09-06.json,2026-09-06
blog,/blog/ai-voice-agents-logistics,apps/web/content/blog/week-22-ai-voice-agents-logistics.md,ai-voice-agents-logistics,AI Voice Agents for Logistics: Shipment Status and Exception Design,2026-07-27,,false,true,reviewed_backlog,source_reviewed_production_verified,production_index_follow_canonical_dates_verified,Content owner,docs/marketing/seo/review-batch-08.md; verification-assets/production-final-2026-09-06.json,2026-09-06
blog,/blog/10-ai-voice-agent-use-cases-healthcare,apps/web/content/blog/week-23-10-healthcare-ai-voice-use-cases.md,10-ai-voice-agent-use-cases-healthcare,Ten Administrative Voice AI Workflows for Healthcare Teams,2026-08-03,,false,true,reviewed_backlog,source_reviewed_production_verified,production_index_follow_canonical_dates_verified,Content owner,docs/marketing/seo/review-batch-09.md; verification-assets/production-final-2026-09-06.json,2026-09-06
blog,/blog/ai-phone-agents-handle-objections,apps/web/content/blog/week-24-ai-phone-agents-handle-objections.md,ai-phone-agents-handle-objections,AI Phone Objection Handling: Respectful Responses and Stop Rules,2026-08-10,,false,true,reviewed_backlog,source_reviewed_production_verified,production_index_follow_canonical_dates_verified,Content owner,docs/marketing/seo/review-batch-09.md; verification-assets/production-final-2026-09-06.json,2026-09-06
blog,/blog/what-is-voice-cloning-ai-agents,apps/web/content/blog/week-25-what-is-voice-cloning-ai.md,what-is-voice-cloning-ai-agents,What Is Voice Cloning? Business Evaluation and Permission Checks,2026-08-17,,false,true,reviewed_backlog,source_reviewed_production_verified,production_index_follow_canonical_dates_verified,Content owner,docs/marketing/seo/review-batch-09.md; verification-assets/production-final-2026-09-06.json,2026-09-06
blog,/blog/ai-voice-agents-manufacturing,apps/web/content/blog/week-26-ai-voice-agents-manufacturing.md,ai-voice-agents-manufacturing,AI Voice Agents for Manufacturing: Supplier Acknowledgment Design,2026-08-24,,false,true,reviewed_backlog,source_reviewed_production_verified,production_index_follow_canonical_dates_verified,Content owner,docs/marketing/seo/review-batch-09.md; verification-assets/production-final-2026-09-06.json,2026-09-06
blog,/blog/quickvoice-vs-bland-ai,apps/web/content/blog/week-27-quickvoice-vs-bland-ai.md,quickvoice-vs-bland-ai,QuickVoice vs Bland AI: Compare Workflow Control and Ownership,2026-08-31,,false,true,reviewed_backlog,source_reviewed_production_verified,production_index_follow_canonical_dates_verified,Content owner,docs/marketing/seo/review-batch-09.md; verification-assets/production-final-2026-09-06.json,2026-09-06
blog,/blog/quickvoice-vs-vapi,apps/web/content/blog/week-28-quickvoice-vs-vapi.md,quickvoice-vs-vapi,QuickVoice vs Vapi: Evaluate the Integration Your Team Will Own,2026-09-07,,false,true,reviewed_backlog,reviewed_draft_pending_publication_review,scheduled_404_before_date_noindex_until_publication_review,Content owner,docs/marketing/seo/review-batch-09.md; verification-assets/production-final-2026-09-06.json,2026-09-06
blog,/blog/quickvoice-vs-synthflow,apps/web/content/blog/week-29-quickvoice-vs-synthflow.md,quickvoice-vs-synthflow,QuickVoice vs Synthflow: Compare Change Control and Operations,2026-09-14,,false,true,reviewed_backlog,reviewed_draft_pending_publication_review,scheduled_404_before_date_noindex_until_publication_review,Content owner,docs/marketing/seo/review-batch-10.md; verification-assets/production-final-2026-09-06.json,2026-09-06
blog,/blog/quickvoice-vs-retell-ai,apps/web/content/blog/week-30-quickvoice-vs-retell-ai.md,quickvoice-vs-retell-ai,QuickVoice vs Retell AI: A Source and Deployment Ownership Review,2026-09-21,,false,true,reviewed_backlog,reviewed_draft_pending_publication_review,scheduled_404_before_date_noindex_until_publication_review,Content owner,docs/marketing/seo/review-batch-10.md; verification-assets/production-final-2026-09-06.json,2026-09-06
blog,/blog/case-study-call-center-cost-reduction-ai-voice,apps/web/content/blog/week-31-case-study-call-center-cost-reduction.md,case-study-call-center-cost-reduction-ai-voice,How to Build an Evidence-Backed AI Call Center Cost Case Study,2026-09-28,,false,true,reviewed_backlog,reviewed_draft_pending_publication_review,scheduled_404_before_date_noindex_until_publication_review,Content owner,docs/marketing/seo/review-batch-10.md; verification-assets/production-final-2026-09-06.json,2026-09-06
blog,/blog/state-of-ai-voice-agents-2026,apps/web/content/blog/week-32-state-of-ai-voice-agents-2026.md,state-of-ai-voice-agents-2026,AI Voice Agents in 2026: A Documented Capability Snapshot,2026-10-05,,false,true,reviewed_backlog,reviewed_draft_pending_publication_review,scheduled_404_before_date_noindex_until_publication_review,Content owner,docs/marketing/seo/review-batch-10.md; verification-assets/production-final-2026-09-06.json,2026-09-06
blog,/blog/questions-before-buying-ai-voice-agent-platform,apps/web/content/blog/week-33-15-questions-before-buying-ai-voice-agent.md,questions-before-buying-ai-voice-agent-platform,Fifteen Questions Before Buying an AI Voice Agent Platform,2026-10-12,,false,true,reviewed_backlog,reviewed_draft_pending_publication_review,scheduled_404_before_date_noindex_until_publication_review,Content owner,docs/marketing/seo/review-batch-10.md; verification-assets/production-final-2026-09-06.json,2026-09-06
blog,/blog/how-to-write-scripts-for-ai-voice-agents,apps/web/content/blog/week-34-how-to-write-scripts-for-ai-voice-agents.md,how-to-write-scripts-for-ai-voice-agents,How to Write AI Voice Agent Scripts With Clear Action Boundaries,2026-10-19,,false,true,reviewed_backlog,reviewed_draft_pending_publication_review,scheduled_404_before_date_noindex_until_publication_review,Content owner,docs/marketing/seo/review-batch-10.md; verification-assets/production-final-2026-09-06.json,2026-09-06
blog,/blog/ai-voice-agents-travel-hospitality,apps/web/content/blog/week-35-ai-voice-agents-travel-hospitality.md,ai-voice-agents-travel-hospitality,Voice AI for Hospitality: Reservation Requests and Guest Information,2026-10-26,,false,true,reviewed_backlog,reviewed_draft_pending_publication_review,scheduled_404_before_date_noindex_until_publication_review,Content owner,docs/marketing/seo/review-batch-11.md; verification-assets/production-final-2026-09-06.json,2026-09-06
blog,/blog/ai-voice-agents-saas-companies,apps/web/content/blog/week-36-ai-voice-agents-saas-companies.md,ai-voice-agents-saas-companies,Voice AI for SaaS: Route Requested Help From Product Events,2026-11-02,,false,true,reviewed_backlog,reviewed_draft_pending_publication_review,scheduled_404_before_date_noindex_until_publication_review,Content owner,docs/marketing/seo/review-batch-11.md; verification-assets/production-final-2026-09-06.json,2026-09-06
blog,/blog/what-is-no-code-ai,apps/web/content/blog/week-37-what-is-no-code-ai.md,what-is-no-code-ai,"What Is No-Code AI? Configuration, Limits, and Ownership",2026-11-09,,false,true,reviewed_backlog,reviewed_draft_pending_publication_review,scheduled_404_before_date_noindex_until_publication_review,Content owner,docs/marketing/seo/review-batch-11.md; verification-assets/production-final-2026-09-06.json,2026-09-06
blog,/blog/how-to-automate-order-status-calls,apps/web/content/blog/week-38-how-to-automate-order-status-calls.md,how-to-automate-order-status-calls,Automate Order Status Calls With a Read-Only Data Contract,2026-11-16,,false,true,reviewed_backlog,reviewed_draft_pending_publication_review,scheduled_404_before_date_noindex_until_publication_review,Content owner,docs/marketing/seo/review-batch-11.md; verification-assets/production-final-2026-09-06.json,2026-09-06
blog,/blog/hidden-cost-of-missed-calls-small-business,apps/web/content/blog/week-39-hidden-cost-of-missed-calls.md,hidden-cost-of-missed-calls-small-business,The Cost of Missed Calls: Measure the Gap Before Estimating Revenue,2026-11-23,,false,true,reviewed_backlog,reviewed_draft_pending_publication_review,scheduled_404_before_date_noindex_until_publication_review,Content owner,docs/marketing/seo/review-batch-11.md; verification-assets/production-final-2026-09-06.json,2026-09-06
blog,/blog/ai-voice-agent-implementation-checklist,apps/web/content/blog/week-40-ai-voice-agent-implementation-checklist.md,ai-voice-agent-implementation-checklist,AI Voice Agent Launch Checklist: Twenty Evidence Checks,2026-11-30,,false,true,reviewed_backlog,reviewed_draft_pending_publication_review,scheduled_404_before_date_noindex_until_publication_review,Content owner,docs/marketing/seo/review-batch-11.md; verification-assets/production-final-2026-09-06.json,2026-09-06
blog,/blog/how-ai-voice-agents-improve-first-call-resolution,apps/web/content/blog/week-41-how-ai-voice-agents-improve-first-call-resolution.md,how-ai-voice-agents-improve-first-call-resolution,First Call Resolution for Voice AI: Define and Verify the Outcome,2026-12-07,,false,true,reviewed_backlog,reviewed_draft_pending_publication_review,scheduled_404_before_date_noindex_until_publication_review,Content owner,docs/marketing/seo/review-batch-12.md; verification-assets/production-final-2026-09-06.json,2026-09-06
blog,/blog/ai-voice-agents-education,apps/web/content/blog/week-42-ai-voice-agents-education.md,ai-voice-agents-education,Voice AI for Education: Public Information and Staff Request Routing,2026-12-14,,false,true,reviewed_backlog,reviewed_draft_pending_publication_review,scheduled_404_before_date_noindex_until_publication_review,Content owner,docs/marketing/seo/review-batch-12.md; verification-assets/production-final-2026-09-06.json,2026-09-06
blog,/blog/quickvoice-vs-air-ai,apps/web/content/blog/week-43-quickvoice-vs-air-ai.md,quickvoice-vs-air-ai,QuickVoice and Air AI: Comparison Awaiting Product Verification,2026-12-21,draft,true,true,reviewed_backlog,archived_identity_unverified,archived_draft_production_404_noindex,Content owner,docs/marketing/seo/review-batch-12.md; verification-assets/production-final-2026-09-06.json,2026-09-06
blog,/blog/how-to-reduce-no-show-rates,apps/web/content/blog/week-44-how-to-reduce-no-show-rates.md,how-to-reduce-no-show-rates,Reduce Appointment No-Shows: Design and Measure a Reminder Pilot,2026-12-28,,false,true,reviewed_backlog,reviewed_draft_pending_publication_review,scheduled_404_before_date_noindex_until_publication_review,Content owner,docs/marketing/seo/review-batch-12.md; verification-assets/production-final-2026-09-06.json,2026-09-06
blog,/blog/2027-predictions-ai-voice-agents,apps/web/content/blog/week-45-2027-predictions-ai-voice-agents.md,2027-predictions-ai-voice-agents,Ten Voice AI Planning Questions for 2027,2027-01-04,,false,true,reviewed_backlog,reviewed_draft_pending_publication_review,scheduled_404_before_date_noindex_until_publication_review,Content owner,docs/marketing/seo/review-batch-12.md; verification-assets/production-final-2026-09-06.json,2026-09-06
blog,/blog/building-ai-first-contact-center,apps/web/content/blog/week-46-building-ai-first-contact-center.md,building-ai-first-contact-center,Design an AI-Assisted Contact Center Around Responsibility,2027-01-11,,false,true,reviewed_backlog,reviewed_draft_pending_publication_review,scheduled_404_before_date_noindex_until_publication_review,Content owner,docs/marketing/seo/review-batch-12.md; verification-assets/production-final-2026-09-06.json,2026-09-06
blog,/blog/ai-voice-agents-vs-chatbots,apps/web/content/blog/week-47-ai-voice-agents-vs-chatbots.md,ai-voice-agents-vs-chatbots,Voice AI or Chatbot? Choose a Channel Around the Customer Task,2027-01-18,,false,true,reviewed_backlog,reviewed_draft_pending_publication_review,scheduled_404_before_date_noindex_until_publication_review,Content owner,docs/marketing/seo/review-batch-13.md; verification-assets/production-final-2026-09-06.json,2026-09-06
blog,/blog/real-estate-ai-follow-up-100-percent-inquiries,apps/web/content/blog/week-48-real-estate-ai-follow-up-100-percent-inquiries.md,real-estate-ai-follow-up-100-percent-inquiries,Real Estate Inquiry Follow-Up: Build a Reliable Staff Handoff,2027-01-25,,false,true,reviewed_backlog,reviewed_draft_pending_publication_review,scheduled_404_before_date_noindex_until_publication_review,Content owner,docs/marketing/seo/review-batch-13.md; verification-assets/production-final-2026-09-06.json,2026-09-06
blog,/blog/how-to-measure-ai-voice-agent-success-kpis,apps/web/content/blog/week-49-how-to-measure-ai-voice-agent-success-10-kpis.md,how-to-measure-ai-voice-agent-success-kpis,"Ten Voice AI Metrics: Definitions, Evidence, and Reporting Limits",2027-02-01,,false,true,reviewed_backlog,reviewed_draft_pending_publication_review,scheduled_404_before_date_noindex_until_publication_review,Content owner,docs/marketing/seo/review-batch-13.md; verification-assets/production-final-2026-09-06.json,2026-09-06
blog,/blog/50-statistics-ai-customer-service-2026,apps/web/content/blog/week-50-50-statistics-ai-customer-service-2026.md,50-statistics-ai-customer-service-2026,How to Verify AI Customer Service Statistics Before Citing Them,2027-02-08,,false,true,reviewed_backlog,reviewed_draft_pending_publication_review,scheduled_404_before_date_noindex_until_publication_review,Content owner,docs/marketing/seo/review-batch-13.md; verification-assets/production-final-2026-09-06.json,2026-09-06
blog,/blog/quickvoice-2026-year-in-review-roadmap-2027,apps/web/content/blog/week-51-quickvoice-2026-year-in-review.md,quickvoice-2026-year-in-review-roadmap-2027,"QuickVoice Project Status: Source, Setup, and Release Boundaries",2027-02-15,,false,true,reviewed_backlog,reviewed_draft_pending_publication_review,scheduled_404_before_date_noindex_until_publication_review,Content owner,docs/marketing/seo/review-batch-13.md; verification-assets/production-final-2026-09-06.json,2026-09-06
blog,/blog/ultimate-ai-voice-agent-glossary,apps/web/content/blog/week-52-ultimate-ai-voice-agent-glossary.md,ultimate-ai-voice-agent-glossary,Voice AI Glossary: Terms for Evaluating a Phone Workflow,2027-02-22,,false,true,reviewed_backlog,reviewed_draft_pending_publication_review,scheduled_404_before_date_noindex_until_publication_review,Content owner,docs/marketing/seo/review-batch-13.md; verification-assets/production-final-2026-09-06.json,2026-09-06
scenario,/case-studies/automotive-lease-retention-equity-mining,apps/web/content/case-studies/automotive-lease-retention-equity-mining.md,automotive-lease-retention-equity-mining,Lease-end enquiries: illustrative workflow scenario,,,false,true,backlog,source_reviewed_production_verified,production_noindex_follow_sitemap_excluded,Customer evidence owner,trust-review-2026-09-06.md; apps/web/src/app/case-studies/[slug]/page.tsx; README.md; apps/ai/handlers/mcp_handler.py; verification-assets/production-final-2026-09-06.json,2026-09-06
scenario,/case-studies/automotive-sales-lead-response-bdc,apps/web/content/case-studies/automotive-sales-lead-response-bdc.md,automotive-sales-lead-response-bdc,Vehicle sales enquiries: illustrative workflow scenario,,,false,true,backlog,source_reviewed_production_verified,production_noindex_follow_sitemap_excluded,Customer evidence owner,trust-review-2026-09-06.md; apps/web/src/app/case-studies/[slug]/page.tsx; README.md; apps/ai/handlers/mcp_handler.py; verification-assets/production-final-2026-09-06.json,2026-09-06
scenario,/case-studies/automotive-service-scheduling-noshow-reduction,apps/web/content/case-studies/automotive-service-scheduling-noshow-reduction.md,automotive-service-scheduling-noshow-reduction,Service appointment requests: illustrative workflow scenario,,,false,true,backlog,source_reviewed_production_verified,production_noindex_follow_sitemap_excluded,Customer evidence owner,trust-review-2026-09-06.md; apps/web/src/app/case-studies/[slug]/page.tsx; README.md; apps/ai/handlers/mcp_handler.py; verification-assets/production-final-2026-09-06.json,2026-09-06
scenario,/case-studies/ecommerce-post-purchase-review-collection,apps/web/content/case-studies/ecommerce-post-purchase-review-collection.md,ecommerce-post-purchase-review-collection,Post-purchase feedback: illustrative workflow scenario,,,false,true,backlog,source_reviewed_production_verified,production_noindex_follow_sitemap_excluded,Customer evidence owner,trust-review-2026-09-06.md; apps/web/src/app/case-studies/[slug]/page.tsx; README.md; apps/ai/handlers/mcp_handler.py; verification-assets/production-final-2026-09-06.json,2026-09-06
scenario,/case-studies/ecommerce-returns-automation-nps-improvement,apps/web/content/case-studies/ecommerce-returns-automation-nps-improvement.md,ecommerce-returns-automation-nps-improvement,Returns requests: illustrative workflow scenario,,,false,true,backlog,source_reviewed_production_verified,production_noindex_follow_sitemap_excluded,Customer evidence owner,trust-review-2026-09-06.md; apps/web/src/app/case-studies/[slug]/page.tsx; README.md; apps/ai/handlers/mcp_handler.py; verification-assets/production-final-2026-09-06.json,2026-09-06
scenario,/case-studies/ecommerce-wismo-automation-peak-season,apps/web/content/case-studies/ecommerce-wismo-automation-peak-season.md,ecommerce-wismo-automation-peak-season,Order status enquiries: illustrative workflow scenario,,,false,true,backlog,source_reviewed_production_verified,production_noindex_follow_sitemap_excluded,Customer evidence owner,trust-review-2026-09-06.md; apps/web/src/app/case-studies/[slug]/page.tsx; README.md; apps/ai/handlers/mcp_handler.py; verification-assets/production-final-2026-09-06.json,2026-09-06
scenario,/case-studies/education-k12-attendance-emergency-notifications,apps/web/content/case-studies/education-k12-attendance-emergency-notifications.md,education-k12-attendance-emergency-notifications,Attendance callbacks: illustrative workflow scenario,,,false,true,backlog,source_reviewed_production_verified,production_noindex_follow_sitemap_excluded,Customer evidence owner,trust-review-2026-09-06.md; apps/web/src/app/case-studies/[slug]/page.tsx; README.md; apps/ai/handlers/mcp_handler.py; verification-assets/production-final-2026-09-06.json,2026-09-06
scenario,/case-studies/education-online-student-retention,apps/web/content/case-studies/education-online-student-retention.md,education-online-student-retention,Student support follow-up: illustrative workflow scenario,,,false,true,backlog,source_reviewed_production_verified,production_noindex_follow_sitemap_excluded,Customer evidence owner,trust-review-2026-09-06.md; apps/web/src/app/case-studies/[slug]/page.tsx; README.md; apps/ai/handlers/mcp_handler.py; verification-assets/production-final-2026-09-06.json,2026-09-06
scenario,/case-studies/education-university-admissions-financial-aid,apps/web/content/case-studies/education-university-admissions-financial-aid.md,education-university-admissions-financial-aid,Admissions and financial-aid enquiries: illustrative workflow scenario,,,false,true,backlog,source_reviewed_production_verified,production_noindex_follow_sitemap_excluded,Customer evidence owner,trust-review-2026-09-06.md; apps/web/src/app/case-studies/[slug]/page.tsx; README.md; apps/ai/handlers/mcp_handler.py; verification-assets/production-final-2026-09-06.json,2026-09-06
scenario,/case-studies/financial-services-banking-customer-service,apps/web/content/case-studies/financial-services-banking-customer-service.md,financial-services-banking-customer-service,Banking support intake: illustrative workflow scenario,,,false,true,backlog,source_reviewed_production_verified,production_noindex_follow_sitemap_excluded,Customer evidence owner,trust-review-2026-09-06.md; apps/web/src/app/case-studies/[slug]/page.tsx; README.md; apps/ai/handlers/mcp_handler.py; verification-assets/production-final-2026-09-06.json,2026-09-06
scenario,/case-studies/financial-services-collections-fdcpa-compliant,apps/web/content/case-studies/financial-services-collections-fdcpa-compliant.md,financial-services-collections-fdcpa-compliant,Payment follow-up requests: illustrative workflow scenario,,,false,true,backlog,source_reviewed_production_verified,production_noindex_follow_sitemap_excluded,Customer evidence owner,trust-review-2026-09-06.md; apps/web/src/app/case-studies/[slug]/page.tsx; README.md; apps/ai/handlers/mcp_handler.py; verification-assets/production-final-2026-09-06.json,2026-09-06
scenario,/case-studies/financial-services-insurance-claims-fnol,apps/web/content/case-studies/financial-services-insurance-claims-fnol.md,financial-services-insurance-claims-fnol,Claim notification intake: illustrative workflow scenario,,,false,true,backlog,source_reviewed_production_verified,production_noindex_follow_sitemap_excluded,Customer evidence owner,trust-review-2026-09-06.md; apps/web/src/app/case-studies/[slug]/page.tsx; README.md; apps/ai/handlers/mcp_handler.py; verification-assets/production-final-2026-09-06.json,2026-09-06
scenario,/case-studies/healthcare-appointment-scheduling-noshow-reduction,apps/web/content/case-studies/healthcare-appointment-scheduling-noshow-reduction.md,healthcare-appointment-scheduling-noshow-reduction,Appointment requests: illustrative workflow scenario,,,false,true,backlog,source_reviewed_production_verified,production_noindex_follow_sitemap_excluded,Customer evidence owner,trust-review-2026-09-06.md; apps/web/src/app/case-studies/[slug]/page.tsx; README.md; apps/ai/handlers/mcp_handler.py; verification-assets/production-final-2026-09-06.json,2026-09-06
scenario,/case-studies/healthcare-patient-collections-compassionate,apps/web/content/case-studies/healthcare-patient-collections-compassionate.md,healthcare-patient-collections-compassionate,Patient billing enquiries: illustrative workflow scenario,,,false,true,backlog,source_reviewed_production_verified,production_noindex_follow_sitemap_excluded,Customer evidence owner,trust-review-2026-09-06.md; apps/web/src/app/case-studies/[slug]/page.tsx; README.md; apps/ai/handlers/mcp_handler.py; verification-assets/production-final-2026-09-06.json,2026-09-06
scenario,/case-studies/healthcare-post-discharge-readmission-reduction,apps/web/content/case-studies/healthcare-post-discharge-readmission-reduction.md,healthcare-post-discharge-readmission-reduction,Post-discharge callback requests: illustrative workflow scenario,,,false,true,backlog,source_reviewed_production_verified,production_noindex_follow_sitemap_excluded,Customer evidence owner,trust-review-2026-09-06.md; apps/web/src/app/case-studies/[slug]/page.tsx; README.md; apps/ai/handlers/mcp_handler.py; verification-assets/production-final-2026-09-06.json,2026-09-06
scenario,/case-studies/hr-employee-benefits-helpdesk,apps/web/content/case-studies/hr-employee-benefits-helpdesk.md,hr-employee-benefits-helpdesk,HR policy enquiries: illustrative workflow scenario,,,false,true,backlog,source_reviewed_production_verified,production_noindex_follow_sitemap_excluded,Customer evidence owner,trust-review-2026-09-06.md; apps/web/src/app/case-studies/[slug]/page.tsx; README.md; apps/ai/handlers/mcp_handler.py; verification-assets/production-final-2026-09-06.json,2026-09-06
scenario,/case-studies/hr-recruiting-high-volume-phone-screening,apps/web/content/case-studies/hr-recruiting-high-volume-phone-screening.md,hr-recruiting-high-volume-phone-screening,Candidate information requests: illustrative workflow scenario,,,false,true,backlog,source_reviewed_production_verified,production_noindex_follow_sitemap_excluded,Customer evidence owner,trust-review-2026-09-06.md; apps/web/src/app/case-studies/[slug]/page.tsx; README.md; apps/ai/handlers/mcp_handler.py; verification-assets/production-final-2026-09-06.json,2026-09-06
scenario,/case-studies/hr-recruiting-seasonal-hiring-campaigns,apps/web/content/case-studies/hr-recruiting-seasonal-hiring-campaigns.md,hr-recruiting-seasonal-hiring-campaigns,Seasonal recruitment enquiries: illustrative workflow scenario,,,false,true,backlog,source_reviewed_production_verified,production_noindex_follow_sitemap_excluded,Customer evidence owner,trust-review-2026-09-06.md; apps/web/src/app/case-studies/[slug]/page.tsx; README.md; apps/ai/handlers/mcp_handler.py; verification-assets/production-final-2026-09-06.json,2026-09-06
scenario,/case-studies/logistics-delivery-notifications-exception-management,apps/web/content/case-studies/logistics-delivery-notifications-exception-management.md,logistics-delivery-notifications-exception-management,Delivery updates and exceptions: illustrative workflow scenario,,,false,true,backlog,source_reviewed_production_verified,production_noindex_follow_sitemap_excluded,Customer evidence owner,trust-review-2026-09-06.md; apps/web/src/app/case-studies/[slug]/page.tsx; README.md; apps/ai/handlers/mcp_handler.py; verification-assets/production-final-2026-09-06.json,2026-09-06
scenario,/case-studies/logistics-freight-broker-carrier-capacity,apps/web/content/case-studies/logistics-freight-broker-carrier-capacity.md,logistics-freight-broker-carrier-capacity,Carrier capacity enquiries: illustrative workflow scenario,,,false,true,backlog,source_reviewed_production_verified,production_noindex_follow_sitemap_excluded,Customer evidence owner,trust-review-2026-09-06.md; apps/web/src/app/case-studies/[slug]/page.tsx; README.md; apps/ai/handlers/mcp_handler.py; verification-assets/production-final-2026-09-06.json,2026-09-06
scenario,/case-studies/logistics-last-mile-delivery-coordination,apps/web/content/case-studies/logistics-last-mile-delivery-coordination.md,logistics-last-mile-delivery-coordination,Last-mile delivery coordination: illustrative workflow scenario,,,false,true,backlog,source_reviewed_production_verified,production_noindex_follow_sitemap_excluded,Customer evidence owner,trust-review-2026-09-06.md; apps/web/src/app/case-studies/[slug]/page.tsx; README.md; apps/ai/handlers/mcp_handler.py; verification-assets/production-final-2026-09-06.json,2026-09-06
scenario,/case-studies/manufacturing-preventive-maintenance-scheduling,apps/web/content/case-studies/manufacturing-preventive-maintenance-scheduling.md,manufacturing-preventive-maintenance-scheduling,Maintenance scheduling requests: illustrative workflow scenario,,,false,true,backlog,source_reviewed_production_verified,production_noindex_follow_sitemap_excluded,Customer evidence owner,trust-review-2026-09-06.md; apps/web/src/app/case-studies/[slug]/page.tsx; README.md; apps/ai/handlers/mcp_handler.py; verification-assets/production-final-2026-09-06.json,2026-09-06
scenario,/case-studies/manufacturing-shift-coordination-workforce,apps/web/content/case-studies/manufacturing-shift-coordination-workforce.md,manufacturing-shift-coordination-workforce,Shift availability: illustrative workflow scenario,,,false,true,backlog,source_reviewed_production_verified,production_noindex_follow_sitemap_excluded,Customer evidence owner,trust-review-2026-09-06.md; apps/web/src/app/case-studies/[slug]/page.tsx; README.md; apps/ai/handlers/mcp_handler.py; verification-assets/production-final-2026-09-06.json,2026-09-06
scenario,/case-studies/manufacturing-supplier-po-confirmation,apps/web/content/case-studies/manufacturing-supplier-po-confirmation.md,manufacturing-supplier-po-confirmation,Supplier order confirmations: illustrative workflow scenario,,,false,true,backlog,source_reviewed_production_verified,production_noindex_follow_sitemap_excluded,Customer evidence owner,trust-review-2026-09-06.md; apps/web/src/app/case-studies/[slug]/page.tsx; README.md; apps/ai/handlers/mcp_handler.py; verification-assets/production-final-2026-09-06.json,2026-09-06
scenario,/case-studies/real-estate-instant-lead-followup-showings,apps/web/content/case-studies/real-estate-instant-lead-followup-showings.md,real-estate-instant-lead-followup-showings,Property viewing requests: illustrative workflow scenario,,,false,true,backlog,source_reviewed_production_verified,production_noindex_follow_sitemap_excluded,Customer evidence owner,trust-review-2026-09-06.md; apps/web/src/app/case-studies/[slug]/page.tsx; README.md; apps/ai/handlers/mcp_handler.py; verification-assets/production-final-2026-09-06.json,2026-09-06
scenario,/case-studies/real-estate-open-house-followup-nurture,apps/web/content/case-studies/real-estate-open-house-followup-nurture.md,real-estate-open-house-followup-nurture,Open-house follow-up: illustrative workflow scenario,,,false,true,backlog,source_reviewed_production_verified,production_noindex_follow_sitemap_excluded,Customer evidence owner,trust-review-2026-09-06.md; apps/web/src/app/case-studies/[slug]/page.tsx; README.md; apps/ai/handlers/mcp_handler.py; verification-assets/production-final-2026-09-06.json,2026-09-06
scenario,/case-studies/real-estate-property-management-operations,apps/web/content/case-studies/real-estate-property-management-operations.md,real-estate-property-management-operations,Tenant maintenance and leasing requests: illustrative workflow scenario,,,false,true,backlog,source_reviewed_production_verified,production_noindex_follow_sitemap_excluded,Customer evidence owner,trust-review-2026-09-06.md; apps/web/src/app/case-studies/[slug]/page.tsx; README.md; apps/ai/handlers/mcp_handler.py; verification-assets/production-final-2026-09-06.json,2026-09-06
scenario,/case-studies/saas-churn-prevention-nps-surveys,apps/web/content/case-studies/saas-churn-prevention-nps-surveys.md,saas-churn-prevention-nps-surveys,Customer feedback follow-up: illustrative workflow scenario,,,false,true,backlog,source_reviewed_production_verified,production_noindex_follow_sitemap_excluded,Customer evidence owner,trust-review-2026-09-06.md; apps/web/src/app/case-studies/[slug]/page.tsx; README.md; apps/ai/handlers/mcp_handler.py; verification-assets/production-final-2026-09-06.json,2026-09-06
scenario,/case-studies/saas-customer-onboarding-activation,apps/web/content/case-studies/saas-customer-onboarding-activation.md,saas-customer-onboarding-activation,Customer onboarding enquiries: illustrative workflow scenario,,,false,true,backlog,source_reviewed_production_verified,production_noindex_follow_sitemap_excluded,Customer evidence owner,trust-review-2026-09-06.md; apps/web/src/app/case-studies/[slug]/page.tsx; README.md; apps/ai/handlers/mcp_handler.py; verification-assets/production-final-2026-09-06.json,2026-09-06
scenario,/case-studies/saas-renewal-upsell-expansion,apps/web/content/case-studies/saas-renewal-upsell-expansion.md,saas-renewal-upsell-expansion,Renewal enquiries: illustrative workflow scenario,,,false,true,backlog,source_reviewed_production_verified,production_noindex_follow_sitemap_excluded,Customer evidence owner,trust-review-2026-09-06.md; apps/web/src/app/case-studies/[slug]/page.tsx; README.md; apps/ai/handlers/mcp_handler.py; verification-assets/production-final-2026-09-06.json,2026-09-06
scenario,/case-studies/travel-airline-disruption-rebooking,apps/web/content/case-studies/travel-airline-disruption-rebooking.md,travel-airline-disruption-rebooking,Travel disruption enquiries: illustrative workflow scenario,,,false,true,backlog,source_reviewed_production_verified,production_noindex_follow_sitemap_excluded,Customer evidence owner,trust-review-2026-09-06.md; apps/web/src/app/case-studies/[slug]/page.tsx; README.md; apps/ai/handlers/mcp_handler.py; verification-assets/production-final-2026-09-06.json,2026-09-06
scenario,/case-studies/travel-hotel-post-stay-survey-loyalty,apps/web/content/case-studies/travel-hotel-post-stay-survey-loyalty.md,travel-hotel-post-stay-survey-loyalty,Post-stay feedback: illustrative workflow scenario,,,false,true,backlog,source_reviewed_production_verified,production_noindex_follow_sitemap_excluded,Customer evidence owner,trust-review-2026-09-06.md; apps/web/src/app/case-studies/[slug]/page.tsx; README.md; apps/ai/handlers/mcp_handler.py; verification-assets/production-final-2026-09-06.json,2026-09-06
scenario,/case-studies/travel-hotel-reservations-upsell,apps/web/content/case-studies/travel-hotel-reservations-upsell.md,travel-hotel-reservations-upsell,Hotel reservation requests: illustrative workflow scenario,,,false,true,backlog,source_reviewed_production_verified,production_noindex_follow_sitemap_excluded,Customer evidence owner,trust-review-2026-09-06.md; apps/web/src/app/case-studies/[slug]/page.tsx; README.md; apps/ai/handlers/mcp_handler.py; verification-assets/production-final-2026-09-06.json,2026-09-06
marketing_route,/blog,apps/web/src/app/blog/page.tsx,,,,,,,current_route,source_reviewed_production_verified,production_index_follow_canonical_verified,Web owner,verification-2026-09-06.md; verification-assets/production-final-2026-09-06.json,2026-09-06
marketing_route,/case-studies,apps/web/src/app/case-studies/page.tsx,,,,,,,current_route,source_reviewed_production_verified,production_index_follow_canonical_verified,Web owner,trust-review-2026-09-06.md; apps/web/src/app/case-studies/page.tsx; apps/web/src/lib/case-studies.ts; verification-assets/production-final-2026-09-06.json,2026-09-06
marketing_route,/company/about-us,apps/web/src/app/company/about-us/page.tsx,,,,,,,current_route,source_reviewed_production_verified,production_index_follow_canonical_verified,Web owner,trust-review-2026-09-06.md; apps/web/src/app/company/about-us/page.tsx; verification-assets/production-final-2026-09-06.json,2026-09-06
marketing_route,/company/careers,apps/web/src/app/company/careers/page.tsx,,,,,,,current_route,source_reviewed_production_verified,production_index_follow_canonical_verified,Web owner,trust-review-2026-09-06.md; apps/web/src/app/company/careers/page.tsx; verification-assets/production-final-2026-09-06.json,2026-09-06
marketing_route,/company/contact,apps/web/src/app/company/contact/page.tsx,,,,,,,current_route,source_reviewed_production_verified,production_index_follow_canonical_verified,Web owner,verification-2026-09-06.md; verification-assets/production-final-2026-09-06.json,2026-09-06
marketing_route,/compliance/hipaa,apps/web/src/app/compliance/hipaa/page.tsx,,,,,,,current_route,source_reviewed_production_verified,production_index_follow_canonical_verified,Web owner,trust-review-2026-09-06.md; apps/web/src/app/compliance/hipaa/page.tsx; verification-assets/production-final-2026-09-06.json,2026-09-06
marketing_route,/industries/automotive,apps/web/src/app/industries/automotive/page.tsx,,Automotive phone workflows for business,,,,,current_route,source_reviewed_production_verified,production_index_follow_canonical_verified,Web owner,trust-review-2026-09-06.md; apps/web/data/industry-workflows.ts; README.md; apps/ai/handlers/mcp_handler.py; verification-assets/production-final-2026-09-06.json,2026-09-06
marketing_route,/industries/e-commerce,apps/web/src/app/industries/e-commerce/page.tsx,,,,,,,current_route,source_reviewed_production_verified,production_index_follow_canonical_verified,Web owner,trust-review-2026-09-06.md; apps/web/src/app/industries/e-commerce/page.tsx; verification-assets/production-final-2026-09-06.json,2026-09-06
marketing_route,/industries/education,apps/web/src/app/industries/education/page.tsx,,,,,,,current_route,source_reviewed_production_verified,production_index_follow_canonical_verified,Web owner,trust-review-2026-09-06.md; apps/web/src/app/industries/education/page.tsx; verification-assets/production-final-2026-09-06.json,2026-09-06
marketing_route,/industries/financial-services,apps/web/src/app/industries/financial-services/page.tsx,,,,,,,current_route,source_reviewed_production_verified,production_index_follow_canonical_verified,Web owner,trust-review-2026-09-06.md; apps/web/src/app/industries/financial-services/page.tsx; verification-assets/production-final-2026-09-06.json,2026-09-06
marketing_route,/industries/healthcare,apps/web/src/app/industries/healthcare/page.tsx,,,,,,,current_route,source_reviewed_production_verified,production_index_follow_canonical_verified,Web owner,trust-review-2026-09-06.md; apps/web/src/app/industries/healthcare/page.tsx; verification-assets/production-final-2026-09-06.json,2026-09-06
marketing_route,/industries/hr-recruiting,apps/web/src/app/industries/hr-recruiting/page.tsx,,HR and recruiting phone workflows for business,,,,,current_route,source_reviewed_production_verified,production_index_follow_canonical_verified,Web owner,trust-review-2026-09-06.md; apps/web/data/industry-workflows.ts; README.md; apps/ai/handlers/mcp_handler.py; verification-assets/production-final-2026-09-06.json,2026-09-06
marketing_route,/industries/logistics,apps/web/src/app/industries/logistics/page.tsx,,,,,,,current_route,source_reviewed_production_verified,production_index_follow_canonical_verified,Web owner,trust-review-2026-09-06.md; apps/web/src/app/industries/logistics/page.tsx; verification-assets/production-final-2026-09-06.json,2026-09-06
marketing_route,/industries/manufacturing-engineering,apps/web/src/app/industries/manufacturing-engineering/page.tsx,,,,,,,current_route,source_reviewed_production_verified,production_index_follow_canonical_verified,Web owner,trust-review-2026-09-06.md; apps/web/src/app/industries/manufacturing-engineering/page.tsx; verification-assets/production-final-2026-09-06.json,2026-09-06
marketing_route,/industries,apps/web/src/app/industries/page.tsx,,,,,,,current_route,source_reviewed_production_verified,production_index_follow_canonical_verified,Web owner,trust-review-2026-09-06.md; apps/web/src/app/industries/page.tsx; verification-assets/production-final-2026-09-06.json,2026-09-06
marketing_route,/industries/real-estate,apps/web/src/app/industries/real-estate/page.tsx,,,,,,,current_route,source_reviewed_production_verified,production_index_follow_canonical_verified,Web owner,verification-2026-09-06.md; verification-assets/production-final-2026-09-06.json,2026-09-06
marketing_route,/industries/saas,apps/web/src/app/industries/saas/page.tsx,,SaaS customer phone workflows for business,,,,,current_route,source_reviewed_production_verified,production_index_follow_canonical_verified,Web owner,trust-review-2026-09-06.md; apps/web/data/industry-workflows.ts; README.md; apps/ai/handlers/mcp_handler.py; verification-assets/production-final-2026-09-06.json,2026-09-06
marketing_route,/industries/travel-hospitality,apps/web/src/app/industries/travel-hospitality/page.tsx,,,,,,,current_route,source_reviewed_production_verified,production_index_follow_canonical_verified,Web owner,trust-review-2026-09-06.md; apps/web/src/app/industries/travel-hospitality/page.tsx; verification-assets/production-final-2026-09-06.json,2026-09-06
marketing_route,/open-source,apps/web/src/app/open-source/page.tsx,,,,,,,current_route,source_reviewed_production_verified,production_index_follow_canonical_verified,Web owner,verification-2026-09-06.md; verification-assets/production-final-2026-09-06.json,2026-09-06
marketing_route,/,apps/web/src/app/page.tsx,,,,,,,current_route,source_reviewed_production_verified,production_index_follow_canonical_verified,Web owner,verification-2026-09-06.md; verification-assets/production-final-2026-09-06.json,2026-09-06
marketing_route,/pricing,apps/web/src/app/pricing/page.tsx,,,,,,,current_route,source_reviewed_production_verified,production_index_follow_canonical_verified,Web owner,verification-2026-09-06.md; verification-assets/production-final-2026-09-06.json,2026-09-06
marketing_route,/privacy-policy,apps/web/src/app/privacy-policy/page.tsx,,,,,,,current_route,reviewed_owner_policy_confirmation_required,production_index_follow_canonical_verified,Business/legal and privacy/operations owners,trust-review-2026-09-06.md; apps/web/src/app/privacy-policy/page.tsx; verification-assets/production-final-2026-09-06.json,2026-09-06
marketing_route,/solutions/ai-answering-service,apps/web/src/app/solutions/ai-answering-service/page.tsx,,,,,,,current_route,source_reviewed_production_verified,production_index_follow_canonical_verified,Web owner,verification-2026-09-06.md; verification-assets/production-final-2026-09-06.json,2026-09-06
marketing_route,/solutions/ai-receptionist,apps/web/src/app/solutions/ai-receptionist/page.tsx,,,,,,,current_route,source_reviewed_production_verified,production_index_follow_canonical_verified,Web owner,verification-2026-09-06.md; verification-assets/production-final-2026-09-06.json,2026-09-06
marketing_route,/solutions,apps/web/src/app/solutions/page.tsx,,,,,,,current_route,source_reviewed_production_verified,production_index_follow_canonical_verified,Web owner,trust-review-2026-09-06.md; apps/web/src/app/solutions/page.tsx; verification-assets/production-final-2026-09-06.json,2026-09-06
marketing_route,/terms-of-service,apps/web/src/app/terms-of-service/page.tsx,,,,,,,current_route,reviewed_owner_policy_confirmation_required,production_index_follow_canonical_verified,Business/legal and privacy/operations owners,trust-review-2026-09-06.md; apps/web/src/app/terms-of-service/page.tsx; verification-assets/production-final-2026-09-06.json,2026-09-06
marketing_route,/use-cases/appointment-scheduling,apps/web/src/app/use-cases/appointment-scheduling/page.tsx,,,,,,,current_route,source_reviewed_production_verified,production_index_follow_canonical_verified,Web owner,verification-2026-09-06.md; verification-assets/production-final-2026-09-06.json,2026-09-06
marketing_route,/use-cases/customer-support,apps/web/src/app/use-cases/customer-support/page.tsx,,,,,,,current_route,source_reviewed_production_verified,production_index_follow_canonical_verified,Web owner,verification-2026-09-06.md; verification-assets/production-final-2026-09-06.json,2026-09-06
marketing_route,/use-cases/operations-automation,apps/web/src/app/use-cases/operations-automation/page.tsx,,,,,,,current_route,source_reviewed_production_verified,production_index_follow_canonical_verified,Web owner,trust-review-2026-09-06.md; apps/web/src/app/use-cases/operations-automation/page.tsx; verification-assets/production-final-2026-09-06.json,2026-09-06
marketing_route,/use-cases/order-status-returns,apps/web/src/app/use-cases/order-status-returns/page.tsx,,,,,,,current_route,source_reviewed_production_verified,production_index_follow_canonical_verified,Web owner,trust-review-2026-09-06.md; apps/web/src/app/use-cases/order-status-returns/page.tsx; verification-assets/production-final-2026-09-06.json,2026-09-06
marketing_route,/use-cases,apps/web/src/app/use-cases/page.tsx,,,,,,,current_route,source_reviewed_production_verified,production_index_follow_canonical_verified,Web owner,trust-review-2026-09-06.md; apps/web/src/app/use-cases/page.tsx; verification-assets/production-final-2026-09-06.json,2026-09-06
marketing_route,/use-cases/reminders-collections,apps/web/src/app/use-cases/reminders-collections/page.tsx,,,,,,,current_route,source_reviewed_production_verified,production_index_follow_canonical_verified,Web owner,trust-review-2026-09-06.md; apps/web/src/app/use-cases/reminders-collections/page.tsx; verification-assets/production-final-2026-09-06.json,2026-09-06
marketing_route,/use-cases/sales-lead-gen,apps/web/src/app/use-cases/sales-lead-gen/page.tsx,,,,,,,current_route,source_reviewed_production_verified,production_index_follow_canonical_verified,Web owner,verification-2026-09-06.md; verification-assets/production-final-2026-09-06.json,2026-09-06
marketing_route,/resources,apps/web/src/app/resources/page.tsx,resources,AI phone-agent buyer resources,,,,,current_route,source_reviewed_production_verified,production_index_follow_canonical_verified,Web + content owner,Resource tests and generation manifest; deployment pending; verification-assets/production-final-2026-09-06.json,2026-09-06
