priority,article_slug,query_cluster,intent,buyer,primary_commercial_route,secondary_route,content_job,demand_evidence,review_status
1,free-ai-appointment-scheduling-tools,free appointment scheduling tools; free AI appointment scheduling,commercial investigation,Small-business owner,/use-cases/appointment-scheduling,/pricing,Scheduling options and the boundary between a booking link and a phone workflow,Observed GSC priority: 4614 impressions / 10 clicks; no external volume estimate,source_reviewed_local_verified_deployment_pending
2,best-ai-voice-agent-platforms-2026,AI voice agent platforms; compare AI phone agents,commercial investigation,Operations lead with technical evaluator,/solutions/ai-receptionist,/open-source,Buyer comparison using dated primary sources and deployment responsibilities,Intent hypothesis; validate actual query/page data,source_reviewed_local_verified_deployment_pending
3,ai-appointment-scheduling-guide,AI appointment scheduling; phone appointment booking,informational / commercial,Service-business operations manager,/use-cases/appointment-scheduling,/company/contact,Booking workflow boundaries and verified next steps,Intent hypothesis; avoid duplicate ownership with free-tools comparison,source_reviewed_local_verified_deployment_pending
4,ai-phone-answering-service-small-business,AI phone answering service for small business,commercial investigation,Small-business owner,/solutions/ai-answering-service,/company/contact,Answering-service intake and human fallback,Intent hypothesis; shared destination owns transactional intent,source_reviewed_local_verified_deployment_pending
5,automated-appointment-reminders-guide,automated appointment reminders; appointment reminder calls,informational,Scheduling or front-desk manager,/use-cases/appointment-scheduling,/company/contact,Reminder eligibility and cancellation/rescheduling handling,Intent hypothesis; no promised no-show reduction,source_reviewed_local_verified_deployment_pending
6,ai-voice-agents-reduce-customer-support-costs,AI customer support cost; voice agent cost model,commercial investigation,Support leader / finance reviewer,/use-cases/customer-support,/pricing,Transparent cost model including unsuccessful attempts and human work,Intent hypothesis; title legacy does not establish savings,source_reviewed_local_verified_deployment_pending
7,ai-voice-agents-b2b-lead-qualification,AI lead qualification calls; B2B voice qualification,commercial investigation,Sales operations leader,/use-cases/sales-lead-gen,/company/contact,Agreed qualification rubric and truthful CRM outcome,Intent hypothesis; no conversion uplift promise,source_reviewed_local_verified_deployment_pending
8,ai-voice-agents-property-management,AI property management calls; property management answering service,commercial investigation,Property manager,/industries/real-estate,/solutions/ai-answering-service,Property enquiries and maintenance routing with explicit emergency boundary,Intent hypothesis; do not imply emergency response service,source_reviewed_local_verified_deployment_pending
9,build-ai-voice-agent-small-business,build AI voice agent for small business; AI phone agent setup,informational,Business owner plus implementation partner,/solutions/ai-receptionist,/open-source,Scoped implementation with engineering and provider prerequisites,Intent hypothesis; supersedes no-code/instant setup promise,source_reviewed_local_verified_deployment_pending
10,ai-voice-agent-security-data-privacy,AI voice agent data privacy; voice agent security checklist,commercial investigation,IT / privacy / procurement evaluator,/open-source,/company/contact,Data-path review and deployment-specific evidence requests,Intent hypothesis; no compliance certification claims,source_reviewed_local_verified_deployment_pending
11,retell-ai-alternatives,Retell AI alternatives; open source Retell alternative,commercial investigation,Business buyer with engineering evaluator,/open-source,/pricing,Sourced alternatives and operational tradeoffs,Intent hypothesis; preserve article comparison intent versus product page,source_reviewed_local_verified_deployment_pending
12,vapi-alternatives,Vapi alternatives; self hosted voice agent platform,commercial investigation,Engineering-led buyer,/open-source,/company/contact,Sourced alternatives and implementation ownership,Intent hypothesis; no unsupported competitor superiority,source_reviewed_local_verified_deployment_pending
